S,B,latency_s,peak_memory_bytes,energy_j,status,energy_method,energy_j_from_counter,energy_j_from_power,is_validation,repeats,latency_repeats,latency_window_s,warmup_repeats,warmup_window_s,oom_retries,latency_mad_s,power_samples,distinct_power_readings,power_window_s,free_memory_bytes_before,gpu_temp_c_before,gpu_temp_c_after,sm_clock_mhz_before,sm_clock_mhz_after,power_w_before,power_w_after,measurement_warning,trial_count,latency_trial_mad_s,energy_trial_mad_j,peak_memory_range_bytes
256,8,0.0028287129999853278,49381376,0.19667012252591895,ok,nvml_counter,0.19667012252591895,0.19560183329506503,0,3166,530,0.5006501290000642,476,0.5009790039999871,0,1.6397000024426234e-05,378,22,3.0026081780000595,15471542272,47.0,50.0,1560.0,1200.0,32.397,69.244,,3,3.6835999935647123e-05,0.0029413607276695675,0
224,229,0.08952103300003955,1194426368,6.098205882352941,ok,nvml_counter,6.098205882352941,6.056018027662942,1,102,60,1.7844371479999381,60,1.7914822819999472,0,0.000698999000007916,365,24,3.036905651999973,15471542272,54.0,57.0,1575.0,1005.0,31.407,62.944,,3,6.7709999029830215e-06,0.0055000000000005045,0
384,256,0.2839737179999702,3384287232,19.105150000000002,ok,nvml_counter,19.105150000000002,19.335110448453698,0,60,60,5.680934259999958,60,5.646055061999959,0,0.0006008109999697808,674,45,5.714615835000018,15471542272,64.0,70.0,1560.0,810.0,32.774,68.754,,3,0.004996696999910455,0.23404999999999987,0
256,32,0.010988450000013472,223518720,0.7423736263736264,ok,nvml_counter,0.7423736263736264,0.7387825148473094,0,819,138,0.5058377719999498,140,0.5059708269999419,0,2.9753999967851996e-05,367,16,3.004876600999978,15471542272,75.0,77.0,1560.0,885.0,36.708,66.931,,3,1.8127000032563956e-05,0.003008726567550135,0
272,4,0.0018344974999990882,33853440,0.12297607361963189,ok,nvml_counter,0.12297607361963189,0.12253055139848175,1,4890,817,0.5004872910000131,830,0.5012782659999857,0,5.877000035070523e-06,378,19,3.000721584999951,15471542272,78.0,80.0,1560.0,1005.0,38.761,66.497,,3,1.6850003703439143e-07,0.0005301359287339102,0
368,33,0.026484300499987512,553811968,1.7887876106194691,ok,nvml_counter,1.7887876106194691,1.7653639594015813,1,341,60,0.5294265590000578,60,0.5208090810000385,0,0.0001465435000227444,370,17,3.010973836000062,15471542272,80.0,80.0,1545.0,795.0,37.696,66.007,,3,9.815999987949908e-06,0.0011238938053095282,0
112,64,0.005007293999938156,68780032,0.33301160862354895,ok,nvml_counter,0.33301160862354895,0.33025589884039896,1,1810,302,0.5011690520000229,308,0.503091196000014,0,3.002200003265898e-05,374,23,3.001991910000015,15471542272,77.0,77.0,1560.0,945.0,38.069,66.694,,3,7.207999942693277e-06,0.0010550580431177292,0
64,16,0.0005846640000299885,19497472,0.04041297062881924,ok,nvml_counter,0.04041297062881924,0.040321174585024266,0,15208,2535,0.5002975139999535,2471,0.5002005280000503,0,7.760000016787671e-06,388,20,3.000226257999998,15471542272,76.0,76.0,1575.0,1350.0,39.748,69.006,,3,1.7940000134331058e-06,3.986702196185493e-05,0
256,252,0.12794967799999313,1674674176,8.473791666666667,ok,nvml_counter,8.473791666666667,8.551433212341083,1,72,60,2.563141244999997,60,2.561072205999949,0,0.0004541644999562777,366,25,3.072169930999962,15471542272,74.0,75.0,1575.0,810.0,40.341,69.496,,3,3.426550000540374e-05,0.01133333333333475,0
224,64,0.017109341999969274,335904768,1.1652,ok,nvml_counter,1.1652,1.159366810101188,0,523,89,0.5131421309999951,90,0.5118390780000937,0,6.547749995888807e-05,372,16,3.001296999000033,15471542272,75.0,77.0,1560.0,855.0,37.4,67.339,,3,4.998049996629561e-05,0.012065895953757177,0
512,128,0.26355612550003116,3092348928,17.57565,ok,nvml_counter,17.57565,17.46408087462472,0,60,60,5.272402542000009,60,5.246294086000034,0,0.00022323899997900298,614,32,5.255686632999982,15471542272,77.0,77.0,1545.0,750.0,38.958,66.833,,3,1.8140999998195184e-05,0.010600000000000165,0
128,229,0.030721460499989917,399384576,2.064173469387755,ok,nvml_counter,2.064173469387755,2.0550395044101704,1,294,60,0.6163518420000855,60,0.6124657110000271,0,0.00028593100000762206,368,22,3.0135291930000676,15471542272,76.0,76.0,1560.0,900.0,40.341,66.301,,3,4.460000013750687e-06,0.0018163265306121446,0
256,229,0.12158141850005677,1553563648,8.09024,ok,nvml_counter,8.09024,8.049114783264155,1,75,60,2.4305552639999632,60,2.423749675999943,0,0.0001837884999531525,364,23,3.0394302799999195,15471542272,76.0,77.0,1545.0,780.0,36.708,64.28,,3,7.260499955918931e-06,0.0009199999999989217,0
272,2,0.0009812629999714773,23822336,0.06627589608681354,ok,nvml_counter,0.06627589608681354,0.06579416972416725,1,9128,1525,0.5008305339999879,1539,0.5003641949999746,0,9.348000048703398e-06,380,18,3.000643494999963,15471542272,77.0,78.0,1545.0,1080.0,37.993,66.203,,3,2.499999936844688e-06,1.814408440806159e-05,0
272,32,0.012790844499988907,234201088,0.8667872340425532,ok,nvml_counter,0.8667872340425532,0.8601189971650918,1,706,120,0.51091226799997,120,0.5028458269999874,0,7.876649999616347e-05,368,16,3.0044136369999705,15471542272,77.0,77.0,1560.0,840.0,36.708,67.184,,3,8.700999956090527e-06,0.0022340425531914843,0
32,33,0.0006295160000036049,16027648,0.04392937913377427,ok,nvml_counter,0.04392937913377427,0.04363583488245745,1,14044,2355,0.5001981460000025,2327,0.500252645000046,0,9.044000080393744e-06,389,20,3.0002500110000483,15471542272,77.0,77.0,1575.0,1440.0,40.933,66.988,,3,6.579999762834632e-07,0.00012618083953119114,0
32,16,0.00045167199999696095,14843904,0.030927527311894135,ok,nvml_counter,0.030927527311894135,0.03093018964672735,0,19414,3187,0.5001201879999826,3200,0.5003629349999983,0,7.860000039272563e-06,396,13,3.0004232459999685,15471542272,76.0,77.0,1590.0,1590.0,42.094,66.734,,3,4.2049998683069134e-07,5.5606883432011284e-05,0
64,32,0.0009671024999988731,22642688,0.06373631357304826,ok,nvml_counter,0.06373631357304826,0.06521694961185591,0,9271,1543,0.5001891900000146,1558,0.5002726590000748,0,8.324500015532976e-06,384,19,3.0005642520000038,15471542272,76.0,76.0,1575.0,1275.0,42.192,66.89,,3,1.2580000543493952e-06,4.8833793041797025e-05,0
448,33,0.0367736179999838,781844480,2.4019146341463413,ok,nvml_counter,2.4019146341463413,2.45427130344205,1,246,60,0.7385388980000016,60,0.7307430979999481,0,0.00021365149996199762,371,21,3.0207969379999895,15471542272,75.0,75.0,1515.0,855.0,44.758,48.648,,3,1.1580999910165701e-05,0.00318292682926824,0
272,64,0.025164989000018068,451387392,1.6877768595041323,ok,nvml_counter,1.6877768595041323,1.6844527326268335,1,361,61,0.5065521400000534,63,0.5167977520000022,0,0.0001472524999712732,367,16,3.021006290999935,15471542272,75.0,76.0,1530.0,825.0,41.699,67.731,,3,0.00015972149998333407,0.012148140495867876,0
112,2,0.0005370169999423524,24725504,0.03814396313364055,ok,nvml_counter,0.03814396313364055,0.03780196888741566,1,16306,2714,0.5004396759999281,2733,0.5000377160000653,0,9.88299996151909e-06,384,20,3.000391172000036,15471542272,76.0,78.0,1575.0,1455.0,41.032,69.159,,3,1.4500005818263162e-07,0.00010909582075321889,0
512,64,0.08585031149999622,1553596416,5.657916666666667,ok,nvml_counter,5.657916666666667,5.717669903903668,0,108,60,1.714604381000072,60,1.7049454770000239,0,0.0008340100000054917,372,22,3.0740540740000597,15471542272,77.0,77.0,1560.0,825.0,41.822,51.672,,3,9.250500005464346e-05,0.011444444444444812,0
448,4,0.004718520499977785,68780032,0.30625511811023626,ok,nvml_counter,0.30625511811023626,0.3144772031996634,1,1905,318,0.5038410969999632,325,0.5029864840000755,0,3.524499999230102e-05,376,18,3.0017343380000057,15471542272,76.0,77.0,1560.0,945.0,45.323,53.511,,3,9.561500007748691e-06,0.00012304263853818442,0
272,8,0.0035426384999937,53977088,0.23750117924528302,ok,nvml_counter,0.23750117924528302,0.2347917375949161,1,2539,424,0.5008365159999357,430,0.5011194840000144,0,9.853000051407435e-06,378,19,3.0022151869999334,15471542272,76.0,77.0,1560.0,960.0,40.167,65.712,,3,1.7905000504470081e-06,7.210680672642411e-05,0
384,128,0.14492334100003745,1699840000,9.667761904761905,ok,nvml_counter,9.667761904761905,9.679836365598849,0,63,60,2.901912427999946,60,2.9039128430000574,0,0.0004167870000628682,363,21,3.0442729639999015,15471542272,76.0,76.0,1545.0,780.0,37.795,69.3,,3,0.00013042350002478997,0.004571428571429337,0
368,2,0.0017542449999154996,32489472,0.1145750441436139,ok,nvml_counter,0.1145750441436139,0.11744873489489141,1,5106,854,0.5006452620000346,864,0.5013971750001929,0,9.19650005926087e-06,381,20,3.0006532600000355,15471542272,77.0,78.0,1560.0,1050.0,40.242,54.594,,3,4.2700014546426246e-07,0.00010594467333725766,0
512,33,0.04727964450012223,1028751360,3.17278125,ok,nvml_counter,3.17278125,3.158855056559381,1,192,60,0.9461757699998543,60,0.938347279999789,0,0.00020443250002699642,366,21,3.021856138999965,15471542272,77.0,77.0,1560.0,855.0,39.452,66.988,,3,2.0099998891964788e-06,0.0024687500000002416,0
64,4,0.0005024299999831783,24903680,0.035588963383187205,ok,nvml_counter,0.035588963383187205,0.035366316533717114,0,17446,2938,0.5000436570001057,2904,0.5002535849998822,0,5.396999995355145e-06,388,20,3.000152369000034,15471542272,77.0,77.0,1575.0,1485.0,41.501,67.675,,3,2.57500005318434e-07,5.0505307514880915e-05,0
368,4,0.0033468274999677305,50565120,0.21708565072302557,ok,nvml_counter,0.21708565072302557,0.2224853014356153,1,2697,450,0.5016498539998793,457,0.5008612079998329,0,3.7301500015018973e-05,375,18,3.001456812000015,15471542272,76.0,76.0,1560.0,1005.0,41.526,66.244,,3,2.3525000187873957e-06,0.000308367872246057,0
512,16,0.021069085000021914,399734784,1.4158111888111888,ok,nvml_counter,1.4158111888111888,1.4126233321085246,0,429,72,0.5063874729999043,73,0.5016150149999703,0,4.2349000068497844e-05,372,17,3.0155811050001375,15471542272,75.0,76.0,1560.0,855.0,37.795,66.988,,3,1.0997000003953872e-05,0.0012377622377621744,0
112,4,0.0005653299999721639,18698752,0.039154827651875834,ok,nvml_counter,0.039154827651875834,0.03901174958605289,1,15664,2619,0.5003378900000826,2616,0.5001823819998208,0,7.387999858110561e-06,388,21,3.000121652999951,15471542272,76.0,77.0,1575.0,1410.0,40.834,68.123,,3,2.8000158636132255e-08,0.00012609311334110807,0
64,2,0.00048211599983005726,24117248,0.03445532759761747,ok,nvml_counter,0.03445532759761747,0.034377791991540105,0,18010,3017,0.5001332690001163,3024,0.5002774160000172,0,9.836999879553332e-06,390,21,3.0004144909999013,15471542272,77.0,77.0,1590.0,1575.0,41.921,69.019,,3,1.0200017186434707e-07,1.709376265798812e-05,0
256,128,0.06425286450007661,848732160,4.340574468085107,ok,nvml_counter,4.340574468085107,4.317926692668955,0,141,60,1.285648073999937,60,1.2865421469998637,0,0.0002256010000110109,363,24,3.0246310990000893,15471542272,76.0,76.0,1560.0,840.0,38.092,67.675,,3,6.578000011359109e-06,0.00017021276595841073,0
112,33,0.002689538999902652,41878528,0.18222911051212937,ok,nvml_counter,0.18222911051212937,0.18093053537504047,1,3331,559,0.5016646389999551,563,0.5015830449999612,0,1.853849983035616e-05,379,19,3.002591387999928,15471542272,76.0,77.0,1560.0,1035.0,38.586,66.931,,3,1.506600005996006e-05,2.171646343684941e-05,0
448,2,0.002550281500020901,41025536,0.16848657718120807,ok,nvml_counter,0.16848657718120807,0.16798026267229577,1,3578,596,0.5011713300000338,604,0.5023286090001875,0,1.8188500007454422e-05,375,24,3.0014284320000115,15471542272,77.0,77.0,1575.0,1080.0,39.673,64.182,,3,6.255499897633854e-06,0.00015375895324570843,0
512,1,0.001583619000030012,32210944,0.10844438473938743,ok,nvml_counter,0.10844438473938743,0.10714289865021415,0,5594,939,0.501425792999953,946,0.5005766669999048,0,1.9735999899239687e-05,378,26,3.000383131000035,15471542272,77.0,77.0,1560.0,1110.0,39.475,63.828,,3,2.994000055878132e-06,0.000354969752274753,0
64,33,0.0009968209999442479,23822336,0.06760140562248995,ok,nvml_counter,0.06760140562248995,0.06734160703062035,1,8972,1497,0.5004169769999862,1504,0.5006445940000503,0,1.3007000006837188e-05,385,18,3.0001714370000627,15471542272,76.0,77.0,1575.0,1230.0,40.341,65.4,,3,7.799999366397969e-07,4.266062916551128e-05,0
224,128,0.051459815999919556,655458304,3.4358983050847454,ok,nvml_counter,3.4358983050847454,3.4167357119225836,0,177,60,1.0270198890000302,60,1.0251526499998818,0,0.0001383020000957913,367,22,3.0276453460000994,15471542272,75.0,76.0,1575.0,855.0,41.131,56.135,,3,5.633300020235765e-05,0.0017966101694919523,0
448,256,0.4267187364999927,4672462848,28.358449999999998,ok,nvml_counter,28.358449999999998,28.528054779105723,1,60,60,8.550555846999941,60,8.563685624000072,0,0.0009221340000067357,1009,55,8.53242454600013,15471542272,76.0,77.0,1575.0,840.0,40.736,48.184,,3,0.0008624439999493916,0.026549999999996743,0
128,252,0.03289025249989663,430350336,2.2029347826086956,ok,nvml_counter,2.2029347826086956,2.200373590297592,1,276,60,0.6590972760000113,60,0.6540407180000329,0,0.00014883799997278402,366,19,3.0247626530001526,15471542272,76.0,76.0,1560.0,840.0,39.452,66.145,,3,5.9822000025633315e-05,0.0021521739130436757,0
384,2,0.0018311274999405214,33783808,0.12224056029232643,ok,nvml_counter,0.12224056029232643,0.12180556366567123,0,4927,821,0.500599555000008,832,0.5013525800000025,0,5.220000048211659e-06,378,21,3.000740480999866,15471542272,76.0,77.0,1560.0,1020.0,36.433,66.399,,3,6.415000370907364e-07,0.0002698182180520814,0
368,256,0.29108936050010925,3274448896,19.28065,ok,nvml_counter,19.28065,19.452710718912446,1,60,60,5.826347466000016,60,5.812617115000194,0,0.0006638785000632197,685,42,5.823694997000075,15471542272,76.0,76.0,1575.0,705.0,36.532,66.047,,3,0.0001650149998795314,0.007750000000001478,0
224,16,0.004849687000046288,68780032,0.32757422512234907,ok,nvml_counter,0.32757422512234907,0.3239161314421564,0,1842,312,0.5023376419999295,312,0.501188589999856,0,6.018049998601782e-05,371,24,3.000690896000151,15471542272,76.0,77.0,1545.0,945.0,35.543,67.38,,3,1.7959998785954667e-06,0.0001332912175202039,0
368,16,0.011714664000010089,220643328,0.7915175097276264,ok,nvml_counter,0.7915175097276264,0.7876988785541228,1,770,129,0.5037643430000571,132,0.506462928000019,0,6.643599999733851e-05,372,17,3.0059985249999954,15471542272,77.0,77.0,1560.0,855.0,37.301,67.38,,3,1.4060001376492437e-06,0.0003579766536964124,0
32,1,0.0004873440000210394,18763776,0.027151881943292985,ok,nvml_counter,0.027151881943292985,0.027143393080529467,0,18151,3013,0.5002265870000429,3002,0.5004039860000375,0,2.2800000010647636e-05,398,13,3.0001781220000794,15471542272,76.0,76.0,1590.0,1590.0,47.592,54.003,,3,2.91949993425078e-06,7.030321100226153e-05,0
368,252,0.28779869150002924,3253899264,19.2695,ok,nvml_counter,19.2695,19.08719047513907,1,60,60,5.749913743999969,60,5.737401382000144,0,0.0006215579999206966,674,44,5.728823522999846,15471542272,76.0,77.0,1560.0,705.0,38.289,69.343,,3,0.0007378479999715637,0.014649999999999608,0
64,229,0.009245233000001463,125181440,0.6215476923076922,ok,nvml_counter,0.6215476923076922,0.6122717067216427,1,974,163,0.5025384779999058,165,0.5041130920001251,0,6.282300000748364e-05,372,16,3.0030524030000834,15471542272,76.0,77.0,1560.0,945.0,37.894,67.282,,3,1.138649997756147e-05,0.000433846153846118,0
256,33,0.012220114000001558,293961728,0.7988693877551021,ok,nvml_counter,0.7988693877551021,0.8149509575944093,1,735,123,0.5028616909999073,125,0.5086021749998508,0,9.715700002743688e-05,368,22,3.002550379000013,15471542272,77.0,77.0,1560.0,900.0,35.72,66.751,,3,1.4776999933019397e-05,5.714285714286671e-05,0
128,8,0.0010143889999199018,22642688,0.06880931339225017,ok,nvml_counter,0.06880931339225017,0.06849770558144797,0,8838,1475,0.5007220610000331,1481,0.5002912489999289,0,8.325500061800994e-06,384,20,3.0004239059999236,15471542272,77.0,78.0,1575.0,1260.0,38.882,66.636,,3,2.139000116585521e-06,1.3617408292559974e-05,0
256,2,0.0008730350000405451,22906880,0.05893912788996196,ok,nvml_counter,0.05893912788996196,0.05872183852399717,0,10249,1711,0.5006509049999295,1726,0.5002206080000633,0,5.6680000852793455e-06,384,20,3.000697808000041,15471542272,77.0,77.0,1560.0,1140.0,40.143,66.203,,3,6.289999419095693e-07,0.00012084870453774738,0
368,128,0.14104963550005323,1644396544,9.24040909090909,ok,nvml_counter,9.24040909090909,9.413477215238986,1,66,60,2.8204826780001895,60,2.8223298079999495,0,0.0003626794999718186,369,22,3.0981138839999858,15471542272,75.0,75.0,1560.0,765.0,38.783,65.164,,3,5.412099994828168e-05,0.005636363636362773,0
368,32,0.023006239999972422,423809024,1.5656076923076923,ok,nvml_counter,1.5656076923076923,1.5539127672232953,1,391,66,0.5059153340000648,67,0.5027041430000736,0,0.00015176349995726923,369,19,3.007755373000009,15471542272,76.0,77.0,1560.0,840.0,39.551,67.38,,3,3.5411499879955954e-05,0.0012615384615386471,0
32,2,0.0004528689999006019,18874368,0.025922391270938986,ok,nvml_counter,0.025922391270938986,0.02683444730420943,0,19519,3168,0.5003279610000391,3246,0.5000377389999358,0,2.0740000081787002e-05,397,14,3.0001192400000036,15471542272,77.0,77.0,1590.0,1590.0,42.513,55.972,,3,3.2359998840547632e-06,0.00013572867365529984,0
256,256,0.1327677894998942,1683062784,8.809695652173913,ok,nvml_counter,8.809695652173913,8.794500561669265,0,69,60,2.656485927999938,60,2.6503619869999966,0,0.0005425924999826748,364,23,3.04750993499988,15471542272,77.0,77.0,1560.0,780.0,42.291,64.614,,3,1.639100003103522e-05,0.00395652173912886,0
32,32,0.0006170379999730358,15958016,0.04323361942641825,ok,nvml_counter,0.04323361942641825,0.04313880255849561,0,14337,2402,0.5000451729999895,2394,0.5000949350001065,0,7.086000096023781e-06,389,21,3.0005120700000134,15471542272,77.0,78.0,1575.0,1470.0,42.883,68.558,,3,7.75000899011502e-08,6.581322750064122e-05,0
128,33,0.003261948499925893,50495488,0.2184989154013015,ok,nvml_counter,0.2184989154013015,0.21608776740987096,1,2772,461,0.5016668640000717,470,0.5021473040001183,0,1.7656500062912528e-05,376,25,3.0023578850000376,15471542272,77.0,77.0,1560.0,1005.0,39.771,65.185,,3,5.979500087960332e-06,0.00021986852920879985,0
384,33,0.026305719999982102,568453120,1.787280701754386,ok,nvml_counter,1.787280701754386,1.7707704051114879,1,342,60,0.5268259770000441,60,0.5201310749998811,0,6.787899997107161e-05,370,18,3.002444288999868,15471542272,75.0,76.0,1560.0,870.0,39.178,66.734,,3,4.759999910675106e-06,8.7719298245581e-05,0
368,64,0.04547064649989352,830537728,3.087939393939394,ok,nvml_counter,3.087939393939394,3.07498776652093,1,198,60,0.9111725109999043,60,0.9052378500000486,0,0.0003620859999955428,366,17,3.0139489349999167,15471542272,75.0,76.0,1560.0,825.0,38.783,66.44,,3,4.1787500094869756e-05,0.012530303030303003,0
448,32,0.03375612849993104,598855680,2.2666666666666666,ok,nvml_counter,2.2666666666666666,2.2751791602889466,1,270,60,0.6740974399999686,60,0.6683377070000915,0,0.00023068849998253427,369,11,3.0290949099999125,15471542272,76.0,77.0,1560.0,825.0,36.927,68.263,,3,0.0001264419998960875,0.0006222222222223017,0
128,2,0.00048447200015289127,17794048,0.03453266331658291,ok,nvml_counter,0.03453266331658291,0.034365953108191745,0,17891,2949,0.5001386279998314,3033,0.5004465600000003,0,1.2622000213013962e-05,388,21,3.0001503639998646,15471542272,77.0,78.0,1575.0,1530.0,41.625,68.558,,3,1.0409999049443286e-06,4.1968733665000146e-05,0
64,64,0.0016895329999897513,32210944,0.11326858108108108,ok,nvml_counter,0.11326858108108108,0.1119920893324406,0,5326,885,0.5003831919998447,897,0.5008653269999286,0,1.6866999885678524e-05,378,23,3.0010078400000566,15471542272,77.0,78.0,1560.0,1065.0,38.586,66.972,,3,9.819998467719415e-07,8.409497525695142e-05,0
512,4,0.0060349749999204505,85032960,0.40365330661322646,ok,nvml_counter,0.40365330661322646,0.4006150007115895,0,1496,250,0.5012062690000221,255,0.5014325209999697,0,1.2128000207667355e-05,377,22,3.005305858000156,15471542272,76.0,77.0,1560.0,960.0,38.882,66.988,,3,2.1099999685247894e-06,0.00047330661322647627,0
32,4,0.0004526354999825344,19095552,0.026599622878692646,ok,nvml_counter,0.026599622878692646,0.027491859260743462,0,19282,3201,0.5003924869999992,3289,0.5001137030001246,0,1.9027999996978906e-05,396,16,3.000269180000032,15471542272,75.0,75.0,1590.0,1590.0,42.488,55.283,,3,2.48549997650116e-06,0.00048072788479765205,0
512,256,0.5295625909999444,6169042944,35.3931,ok,nvml_counter,35.3931,35.355672105079414,0,60,60,10.58767160399998,60,10.608662405999894,0,0.0007032785000546937,1249,59,10.628739192000012,15471542272,76.0,77.0,1575.0,780.0,38.487,70.477,,3,0.0015168835000167746,0.057900000000003615,0
384,8,0.006820271499918817,95125504,0.4558208616780045,ok,nvml_counter,0.4558208616780045,0.4548699786553601,0,1321,222,0.504240136000135,223,0.5022515439998188,0,3.785749993312493e-05,377,18,3.003682169000058,15471542272,76.0,77.0,1560.0,915.0,40.044,65.909,,3,1.0185000064666383e-05,0.00044050195835909634,0
256,4,0.0016222369999923103,32210944,0.10889411129119395,ok,nvml_counter,0.10889411129119395,0.10779026282318113,0,5555,922,0.5003869810000197,932,0.5012490290000642,0,3.320250004890113e-05,377,22,3.000916502000109,15471542272,77.0,77.0,1560.0,1065.0,38.783,67.38,,3,1.8537999949330697e-05,0.0005487071369903312,0
384,252,0.2936758800000234,3365412864,19.6064,ok,nvml_counter,19.6064,19.59294665300539,1,60,60,5.878762059999872,60,5.885522725999863,0,0.0005106754999815166,693,42,5.87871744999984,15471542272,76.0,77.0,1560.0,690.0,38.783,71.065,,3,0.00013116399998125416,0.0016999999999995907,0
448,229,0.39317107950012087,4303093760,25.9852,ok,nvml_counter,25.9852,26.180929953770978,1,60,60,7.858815380000124,60,7.870232293000072,0,0.0009107289999974455,929,53,7.849034996,15471542272,76.0,76.0,1575.0,690.0,40.341,69.833,,3,0.0013398110002071917,0.031399999999997874,0
384,16,0.012491952999994282,227639296,0.8143692946058092,ok,nvml_counter,0.8143692946058092,0.8282982315597118,0,723,121,0.5009564400002091,123,0.5068663829999878,0,4.031749995192513e-05,368,18,3.0117538929998773,15471542272,76.0,77.0,1560.0,900.0,36.729,66.007,,3,3.5319999369676225e-06,0.0011991701244814523,0
32,252,0.004322316999946452,102678528,0.29134244604316545,ok,nvml_counter,0.29134244604316545,0.28944834826748056,1,2087,349,0.5018978499999776,350,0.5003189859999111,0,2.4868499963304203e-05,374,16,3.002752135000037,15471542272,76.0,77.0,1545.0,1065.0,36.532,66.538,,3,5.149499997969542e-06,6.187050359718338e-05,0
448,8,0.009234014000185198,123961344,0.6210184615384615,ok,nvml_counter,0.6210184615384615,0.6120872011907662,1,974,165,0.5083851099998355,168,0.5088040890000229,0,2.4295999992318684e-05,371,21,3.0050290159999804,15471542272,76.0,77.0,1560.0,885.0,35.839,65.026,,3,4.513999783739564e-06,0.0005772174738841729,0
112,252,0.02985046499998134,394727424,2.012920792079208,ok,nvml_counter,2.012920792079208,2.0011968588782163,1,303,60,0.599712135000118,60,0.5930729520000568,0,0.00018548549996921793,366,19,3.0221148170001015,15471542272,76.0,77.0,1560.0,870.0,40.143,66.734,,3,4.2723000092337315e-05,0.0005742574257423527,0
448,128,0.20785893799995847,2343788544,13.876499999999998,ok,nvml_counter,13.876499999999998,13.881029331515524,1,60,60,4.161878627000078,60,4.1677350160000515,0,0.0005678164999380897,491,31,4.15971553899999,15471542272,76.0,77.0,1545.0,780.0,38.684,67.871,,3,1.9249499928264413e-05,0.004499999999998394,0
32,256,0.004313960000104089,103669760,0.2911120689655172,ok,nvml_counter,0.2911120689655172,0.2891991608783847,0,2089,349,0.5008927349999794,352,0.5028307150000728,0,1.382699997520831e-05,376,17,3.0031863300000623,15471542272,76.0,77.0,1560.0,1050.0,36.807,66.105,,3,1.0369998335590935e-06,0.0002485632183908404,0
272,1,0.0006162059999041958,19938304,0.04193225270157938,ok,nvml_counter,0.04193225270157938,0.04192525717955707,1,14369,2399,0.50033920199985,2405,0.5002306679998583,0,3.5900000057154102e-06,384,18,3.0001476399997955,15471542272,77.0,77.0,1575.0,1245.0,40.044,65.065,,3,1.6880001112440368e-06,0.0002950105223386637,0
224,2,0.0007698215001710196,21308928,0.052459143968871594,ok,nvml_counter,0.052459143968871594,0.052030461755707,0,11594,1928,0.500548618999801,1950,0.5001442649995624,0,8.522999905835604e-06,385,20,3.000519900999734,15471542272,76.0,77.0,1575.0,1215.0,41.427,66.792,,3,1.212499910252518e-06,2.519462807378664e-05,0
224,32,0.008996931999945446,174673920,0.6093522388059702,ok,nvml_counter,0.6093522388059702,0.6054747790464475,0,1006,168,0.5020299530001466,171,0.5041185569998561,0,9.381050017509551e-05,369,19,3.0019754200002353,15471542272,76.0,76.0,1560.0,885.0,37.125,67.871,,3,1.9328500229676138e-05,0.0015399767628920813,0
512,8,0.01168579699969996,156336128,0.7871796875,ok,nvml_counter,0.7871796875,0.7821293563163696,0,768,129,0.5046664179999425,132,0.505020605000027,0,6.898799983900972e-05,371,20,3.0051196080003137,15471542272,75.0,76.0,1560.0,915.0,36.532,66.105,,3,6.09399967288482e-06,0.00017578124999995115,0
64,1,0.0005035214999224991,23969792,0.03230112945264987,ok,nvml_counter,0.03230112945264987,0.03238117186871227,0,17151,2929,0.500304916999994,2878,0.5003264739998485,0,1.902799976960523e-05,394,16,3.0001265290002266,15471542272,76.0,77.0,1590.0,1590.0,43.574,62.158,,3,7.744999948045006e-07,4.245767297407499e-05,0
256,64,0.02185602600002312,431923200,1.4785434782608695,ok,nvml_counter,1.4785434782608695,1.4713544135528052,0,413,69,0.5034992580003745,72,0.5185614320002969,0,0.00015952200010360684,371,19,3.013269188999857,15471542272,76.0,77.0,1560.0,825.0,40.044,67.871,,3,4.277300013200147e-05,0.01068279911139336,0
112,229,0.028145191000248815,367727616,1.892,ok,nvml_counter,1.892,1.8797960227788497,1,321,60,0.5630772370000159,60,0.5572077449996868,0,0.00013589449986284308,364,22,3.0125169000002643,15471542272,77.0,77.0,1560.0,945.0,36.828,66.497,,3,7.038499961709022e-05,0.000420560747663723,0
256,1,0.0005704674999833514,19499008,0.03917770909793317,ok,nvml_counter,0.03917770909793317,0.038958815665363224,0,15410,2585,0.5004417449999892,2589,0.5004378260000522,0,7.323000090764253e-06,386,18,3.0001000870001917,15471542272,77.0,78.0,1575.0,1305.0,40.364,66.105,,3,4.7650019041611813e-07,0.00013083244767984892,0
128,32,0.003165466500149705,49381376,0.21360361317747079,ok,nvml_counter,0.21360361317747079,0.2102222413292285,0,2828,474,0.5030653710000479,480,0.5007101830001375,0,2.2077500261730165e-05,377,21,3.0016779640000095,15471542272,77.0,77.0,1575.0,1005.0,38.783,67.52,,3,1.5759999314468587e-06,0.00044208289054195604,0
32,64,0.00089543500007494,18186240,0.060191602602010646,ok,nvml_counter,0.060191602602010646,0.05988898672015482,0,10135,1670,0.5007820519999768,1696,0.5001673770002526,0,2.303000019310275e-05,387,18,3.0007097669999894,15471542272,76.0,77.0,1560.0,1320.0,40.538,66.047,,3,6.680002115899697e-07,4.014436813419564e-05,0
112,1,0.0005791180001324392,24273920,0.03824428233438486,ok,nvml_counter,0.03824428233438486,0.03819726138479865,1,15126,2554,0.5003689069999382,2530,0.5003364720000718,0,1.5082000118127326e-05,394,17,3.000438909999957,15471542272,76.0,76.0,1590.0,1590.0,49.338,64.319,,3,5.148999889570405e-06,0.00013751304289087718,0
64,8,0.00048627149999447283,17793536,0.03467386572911435,ok,nvml_counter,0.03467386572911435,0.0344627777992718,0,17920,2992,0.5000487080001221,2925,0.5002078779998556,0,1.1009999752786825e-05,390,20,3.000175532999947,15471542272,76.0,77.0,1590.0,1545.0,44.436,67.927,,3,3.4475001484679524e-06,4.3772208740265606e-05,0
448,16,0.016931222500261356,307247104,1.1457696629213483,ok,nvml_counter,1.1457696629213483,1.1398917879501786,1,534,90,0.5076205390000723,93,0.515932371999952,0,6.773650011382415e-05,369,13,3.0059947310001007,15471542272,76.0,76.0,1560.0,855.0,39.748,67.675,,3,2.257049982290482e-05,0.0015393258426965595,0
128,16,0.0016533564999008377,32210944,0.11058018609742748,ok,nvml_counter,0.11058018609742748,0.10920688118767706,0,5455,907,0.5003635120001491,919,0.5010179529999732,0,2.2154999896883965e-05,378,22,3.000430035000136,15471542272,76.0,77.0,1560.0,1110.0,37.499,69.986,,3,4.949499725626083e-06,0.00021650811744855503,0
128,256,0.033506795999983296,431923200,2.2458666666666667,ok,nvml_counter,2.2458666666666667,2.227834769314759,0,270,60,0.6701252200000454,60,0.6674990090000392,0,0.0001735614998779056,365,17,3.019125783000163,15471542272,76.0,76.0,1560.0,900.0,38.289,65.949,,3,4.383500004223606e-05,0.0075666666666664995,0
224,256,0.10809909899990089,1292992512,7.237392857142857,ok,nvml_counter,7.237392857142857,7.222218662909233,0,84,60,2.164777402999789,60,2.1588413580002452,0,0.0007115959999737242,363,24,3.0277143220000653,15471542272,76.0,77.0,1560.0,855.0,36.532,63.828,,3,8.674049990986532e-05,0.00153571428571464,0
384,4,0.0034064619999298884,53837824,0.2221404109589041,ok,nvml_counter,0.2221404109589041,0.2275225038155781,0,2632,439,0.5006833699999333,447,0.5022565250001207,0,2.5618999870857806e-05,377,21,3.000934122000217,15471542272,77.0,78.0,1560.0,960.0,37.301,67.282,,3,3.4094998682121513e-06,0.00022013761038475188,0
224,1,0.0005427620003501943,18699776,0.037814328026656796,ok,nvml_counter,0.037814328026656796,0.037523718234645204,0,16259,2704,0.5003523820000737,2664,0.5002071620001516,0,1.0053000551124569e-05,386,20,3.0000811639997664,15471542272,77.0,78.0,1575.0,1380.0,39.946,68.418,,3,1.3239996405900456e-06,7.919822079265754e-05,0
224,252,0.10540204800008723,1284718592,7.00748275862069,ok,nvml_counter,7.00748275862069,7.014240676431068,1,87,60,2.106602648000262,60,2.1114262800001597,0,0.0003901665002103982,367,22,3.056597093000164,15471542272,76.0,76.0,1575.0,765.0,34.376,63.789,,3,0.0001249209999514278,0.0018275862068977133,0
224,4,0.0013310720000845322,27377664,0.08988676731793961,ok,nvml_counter,0.08988676731793961,0.08939855577282077,0,6745,1125,0.5009468670000388,1135,0.5011099849998573,0,4.557000011118362e-06,382,17,3.000603195000167,15471542272,76.0,77.0,1545.0,1155.0,37.894,67.127,,3,2.1200003175181337e-07,7.136185800693529e-05,0
112,16,0.0013618650000353227,27377664,0.09195473251028806,ok,nvml_counter,0.09195473251028806,0.09100419450954741,1,6555,1093,0.5005815370000164,1107,0.5003782939998018,0,6.347000180539908e-06,380,18,3.0008121209998535,15471542272,76.0,77.0,1560.0,1140.0,40.341,66.849,,3,2.439996933389921e-07,0.00039389134292294736,0
512,252,0.5195669854999778,6131294208,34.75575,ok,nvml_counter,34.75575,34.68588015879049,1,60,60,10.394058053000208,60,10.399020600999847,0,0.000742569500062018,1227,62,10.405342403999839,15471542272,76.0,77.0,1575.0,690.0,37.894,66.145,,3,9.790500143935787e-06,0.0341500000000039,0
448,1,0.0013215140002102999,27377664,0.08926858407079646,ok,nvml_counter,0.08926858407079646,0.08866620753337591,1,6788,1130,0.5009995800000979,1131,0.5008998039998005,0,6.69199994263181e-06,384,16,3.0004942250002387,15471542272,77.0,78.0,1575.0,1125.0,38.092,66.792,,3,2.6700035959947854e-07,5.833672097313447e-05,0
368,229,0.26450919149988295,3016961024,17.588050000000003,ok,nvml_counter,17.588050000000003,17.684522732974386,1,60,60,5.294303898999715,60,5.296984202000203,0,0.00052833149993603,626,34,5.293438908000098,15471542272,76.0,76.0,1560.0,780.0,39.475,68.263,,3,0.0004118254998957127,0.01185000000000258,0
512,229,0.48626079050018234,5682331648,32.376,ok,nvml_counter,32.376,32.49204195217916,1,60,60,9.723722740000085,60,9.723104052000053,0,0.0006584185000519938,1147,59,9.729265263000343,15471542272,76.0,77.0,1560.0,690.0,38.981,69.048,,3,0.0010632580001583847,0.03054999999999808,0
112,32,0.0026336619998801325,41025536,0.1745126637554585,ok,nvml_counter,0.1745126637554585,0.1731636122036796,1,3436,574,0.5016560299995945,579,0.5019938410000577,0,2.8293000696066883e-05,378,18,3.002354041000217,15471542272,77.0,77.0,1560.0,1035.0,37.4,67.577,,3,1.0839999049494509e-06,0.0001435538078145282,0
256,16,0.005790135000097507,119316480,0.3845038167938931,ok,nvml_counter,0.3845038167938931,0.37934461292804733,0,1567,261,0.5029523250000238,267,0.5018074399999932,0,9.70160003817e-05,364,23,3.0013614780000353,15471542272,77.0,77.0,1560.0,930.0,38.092,66.833,,3,9.80200047706603e-06,0.0016746860851856171,0
224,33,0.010197612499950992,228128768,0.6843694915254238,ok,nvml_counter,0.6843694915254238,0.6827379752444338,1,884,150,0.5096829549997892,150,0.500725126999896,0,3.122450016235234e-05,374,17,3.008053812000071,15471542272,76.0,77.0,1560.0,885.0,37.103,66.44,,3,5.713500058845966e-06,0.0016881355932204523,0
384,229,0.2757510060000641,3116500992,18.23595,ok,nvml_counter,18.23595,18.310161686441873,1,60,60,5.506052455999907,60,5.501085769999918,0,0.001239900999735255,652,42,5.509859507999863,15471542272,76.0,77.0,1560.0,825.0,35.74,65.851,,3,4.721700020127173e-05,0.023849999999999483,0
272,256,0.15777224149996982,1761968128,10.4638,ok,nvml_counter,10.4638,10.47704289835724,1,60,60,3.1458831159998226,60,3.1475894870000047,0,0.00071462849996351,374,21,3.142653755000083,15471542272,76.0,77.0,1560.0,735.0,37.005,69.79,,3,1.6704998415661976e-06,0.0005499999999987182,0
384,1,0.0009943580002982344,23822336,0.06661844724618447,ok,nvml_counter,0.06661844724618447,0.06605003748638079,0,9055,1506,0.5003855300001305,1520,0.5004837900000894,0,6.255000243982067e-06,384,16,3.0002963209999507,15471542272,77.0,78.0,1560.0,1110.0,37.103,66.399,,3,1.5354996776295593e-06,4.4909258284236975e-05,0
112,128,0.015050610500111361,205824000,1.00965,ok,nvml_counter,1.00965,1.0053341602089172,1,599,102,0.5147534290003932,102,0.5089580459998615,0,0.00012549100006253866,368,19,3.0128134080000564,15471542272,76.0,76.0,1560.0,1005.0,37.103,67.029,,3,3.3174000009239535e-05,0.004651507537688504,0
32,128,0.0023030474999359285,59342848,0.15581076923076922,ok,nvml_counter,0.15581076923076922,0.15501855334448955,0,3901,653,0.5019774239999606,653,0.500147398000081,0,1.0944499990728218e-05,381,20,3.0012101540000913,15471542272,76.0,77.0,1560.0,1155.0,38.882,67.38,,3,5.375000000640284e-07,1.1675042866449159e-05,0
128,4,0.0005901939998693706,19497984,0.04089873924354613,ok,nvml_counter,0.04089873924354613,0.04064706962310627,0,14949,2505,0.5004284459996597,2516,0.5005137210000612,0,6.799999937356915e-06,388,23,3.0005070300003354,15471542272,76.0,77.0,1575.0,1350.0,40.044,67.913,,3,8.085003173619043e-07,9.163061734804995e-05,0
128,64,0.005961214000080872,119316480,0.38738568588469185,ok,nvml_counter,0.38738568588469185,0.3949428626894652,0,1510,252,0.5002340370001548,256,0.5026235590003125,0,1.8824999870048487e-05,371,17,3.0032911080002123,15471542272,76.0,76.0,1560.0,930.0,40.834,49.436,,3,3.4650020097615197e-07,9.401921802520974e-05,0
368,1,0.0009429669999008183,23822336,0.06365105979120532,ok,nvml_counter,0.06365105979120532,0.06318879983288228,1,9499,1584,0.5003333099998599,1600,0.5005227990000094,0,6.539999958476983e-06,383,16,3.0007619329999216,15471542272,76.0,76.0,1560.0,1140.0,37.301,66.595,,3,1.1239999366807751e-06,3.256815346470987e-05,0
272,229,0.14204514550010572,1622790144,9.528136363636364,ok,nvml_counter,9.528136363636364,9.42236695677687,1,66,60,2.8402909120000004,60,2.8418900760002543,0,0.00019482749985400005,373,23,3.135919396999725,15471542272,76.0,76.0,1560.0,735.0,37.103,62.551,,3,7.63915002153226e-05,0.0035454545454545183,0
32,229,0.003916718500022398,94227968,0.2562044560943644,ok,nvml_counter,0.2562044560943644,0.2638669417431627,1,2290,384,0.5024485750000167,386,0.5027567030001592,0,2.19065000237606e-05,375,18,3.00162080400014,15471542272,77.0,78.0,1560.0,1050.0,42.587,66.047,,3,5.282500069370144e-06,0.00029084352891933785,0
272,33,0.014020286499999202,303794176,0.9459162790697675,ok,nvml_counter,0.9459162790697675,0.9414806633153509,1,645,108,0.5048123429996849,111,0.5102976119997038,0,8.37024999782443e-05,370,18,3.0081271310000375,15471542272,77.0,78.0,1560.0,825.0,38.981,66.988,,3,1.297349990636576e-05,0.0015999999999999348,0
368,8,0.006490950000170415,88383488,0.43706956521739126,ok,nvml_counter,0.43706956521739126,0.4338156881446005,1,1378,231,0.5017074770003092,236,0.5029128440000932,0,7.849549979255244e-05,372,21,3.001257918999727,15471542272,77.0,77.0,1560.0,930.0,38.981,66.497,,3,7.842699983484636e-05,0.000936985000949353,0
128,1,0.0006066460000511142,24412160,0.04331081926203877,ok,nvml_counter,0.04331081926203877,0.0430359663632175,0,14455,2430,0.5000667640001666,2417,0.5003049380002267,0,6.500999916170258e-06,384,17,3.00051184799986,15471542272,76.0,77.0,1575.0,1500.0,41.131,68.656,,3,2.9100010578986257e-07,7.339564841520041e-05,0
112,256,0.030188557499968738,396533760,2.043131313131313,ok,nvml_counter,2.043131313131313,2.008697892418673,1,297,60,0.6050260040001376,60,0.6018602589997499,0,0.00016877250004654343,364,18,3.0103949909998846,15471542272,75.0,76.0,1560.0,870.0,36.037,66.89,,3,9.26650000110385e-06,0.0026060606060607228,0
64,252,0.00959039400004258,137461760,0.6473044871794872,ok,nvml_counter,0.6473044871794872,0.6393338537130484,1,938,159,0.5084202050002204,159,0.5036693429997285,0,5.786100018667639e-05,371,20,3.002980505999858,15471542272,75.0,76.0,1560.0,975.0,36.235,67.324,,3,1.0383999779151054e-05,0.00038782051282049146,0
272,16,0.0064832059999844205,125280256,0.43496112311015117,ok,nvml_counter,0.43496112311015117,0.4318073554860529,1,1390,233,0.5022626469999523,237,0.5029949200002193,0,1.751900003910123e-05,375,16,3.0028352679996715,15471542272,76.0,77.0,1560.0,885.0,35.938,66.931,,3,1.1889000006704009e-05,0.0006846652267818998,0
128,128,0.016739811499974167,223518720,1.121238888888889,ok,nvml_counter,1.121238888888889,1.115046281156523,0,539,90,0.5030898519999027,93,0.5158801429997766,0,0.00012425049999365,368,18,3.01335459899974,15471542272,77.0,77.0,1575.0,915.0,36.037,66.44,,3,2.3507000150857493e-05,0.003988888888889042,0
512,2,0.00305258300022615,49381376,0.20617893660531697,ok,nvml_counter,0.20617893660531697,0.20487608252424913,0,2928,489,0.5005601490001936,499,0.5015896230001999,0,1.2688999959209468e-05,379,19,3.0006687229997624,15471542272,77.0,78.0,1560.0,1005.0,38.684,66.89,,3,1.8330001694266684e-06,1.1928408595651696e-05,0
512,32,0.042385785500073325,784355328,2.866957746478873,ok,nvml_counter,2.866957746478873,2.855417283353459,0,213,60,0.8494689399999515,60,0.8460985490000894,0,0.00034817649998331035,369,17,3.0123126200001025,15471542272,77.0,77.0,1545.0,855.0,37.993,66.734,,3,5.478050002238888e-05,0.004309859154929985,0
64,256,0.009920626000166521,138272768,0.6440263157894737,ok,nvml_counter,0.6440263157894737,0.6608485676621169,0,912,153,0.505672549999872,154,0.5075110029997632,0,7.230899973365013e-05,365,21,3.0092800769998576,15471542272,76.0,76.0,1560.0,990.0,41.131,64.201,,3,3.1383000077767065e-05,6.578947368418575e-05,0
384,64,0.047999833499943634,857407488,3.241111111111111,ok,nvml_counter,3.241111111111111,3.233485589185915,0,189,60,0.9616290129997651,60,0.9501493200000368,0,0.0002866249999442516,369,21,3.0276592290001645,15471542272,76.0,76.0,1560.0,810.0,37.005,66.931,,3,2.1252500118862372e-05,0.0008253968253968402,0
448,64,0.06711498649974601,1180499968,4.523488888888888,ok,nvml_counter,4.523488888888888,4.514098405637015,1,135,60,1.351274600999659,60,1.3456723889999012,0,0.0007127485000637535,366,12,3.0392143530002613,15471542272,76.0,77.0,1545.0,810.0,36.807,66.931,,3,8.676199990986788e-05,0.013177777777777067,0
272,128,0.0762030330001835,887660544,5.1126,ok,nvml_counter,5.1126,5.145337012529694,1,120,60,1.5234883299999638,60,1.5223640540002634,0,0.00028143800022917276,363,16,3.0480228490000627,15471542272,76.0,77.0,1560.0,780.0,38.388,68.558,,3,2.179849980166182e-05,0.003375000000001016,0
224,8,0.0025762290001694055,41025536,0.17243213058419246,ok,nvml_counter,0.17243213058419246,0.17150670867986398,0,3492,583,0.5013780049998786,594,0.5014921139995749,0,9.032999969349476e-06,376,18,3.0003682130000016,15471542272,76.0,77.0,1560.0,990.0,39.353,65.851,,3,3.935001586796716e-07,0.00013610975915517853,0
384,32,0.024205095000070287,436260864,1.642991935483871,ok,nvml_counter,1.642991935483871,1.6295256515711722,0,372,63,0.5099341889999778,63,0.5027518629999577,0,8.122899998852517e-05,371,17,3.011045660000036,15471542272,76.0,77.0,1560.0,855.0,39.452,67.716,,3,3.2389998523285612e-06,0.002290322580644988,0
272,252,0.15304641550028464,1750933504,10.5196,ok,nvml_counter,10.5196,10.174674056071577,1,60,60,3.058283907999794,60,3.0652413709999564,0,0.0010842900001080125,365,22,3.0507645910001884,15471542272,76.0,76.0,1560.0,750.0,38.981,65.164,,3,0.00044295599968791066,0.009499999999999176,0
32,8,0.0004667519999657088,19537920,0.029123680478966442,ok,nvml_counter,0.029123680478966442,0.029064283704984824,0,18820,3127,0.5003387970000404,3054,0.5002858259999812,0,1.812899972719606e-05,396,14,3.00011437799958,15471542272,76.0,77.0,1590.0,1590.0,42.094,61.274,,3,3.86999772672425e-07,0.0002477657973534893,0
64,128,0.005132659499849979,76644352,0.3465934819897084,ok,nvml_counter,0.3465934819897084,0.3445179138086133,0,1748,293,0.5044999870001448,295,0.5024755600002209,0,3.9294000089284964e-05,372,19,3.002458268999817,15471542272,76.0,77.0,1545.0,1005.0,40.068,66.301,,3,1.4044999261386693e-06,0.000681432099638668,0
448,252,0.42100904200015066,4643954688,28.021949999999997,ok,nvml_counter,28.021949999999997,28.004315795195463,1,60,60,8.419839056,60,8.4104967520002,0,0.0010491499999716325,994,58,8.408443980000357,15471542272,76.0,77.0,1560.0,675.0,39.551,69.3,,3,0.0011550719998467684,0.006250000000001421,0
112,8,0.0008755334999932529,20553728,0.057536219081272086,ok,nvml_counter,0.057536219081272086,0.0588239952502791,1,10209,1705,0.5003116990001217,1699,0.5005958360002296,0,6.679000307485694e-06,385,21,3.00010657599978,15471542272,77.0,78.0,1575.0,1275.0,43.475,66.301,,3,1.0434996511321515e-06,0.0002082684059931672,0
